query_id,row_time,col_time,gap,use_imci,cost_threshold_label,hybrid_optimizer_label,fann_model_label,sqlQuery
1,0.118303,39.519463,39.401160,0,0,1,1,"SELECT item.i_color, item.i_units, web_page.wp_web_page_id, MIN(web_sales.ws_ext_ship_cost) as agg_0, MIN(web_sales.ws_web_page_sk + web_page.wp_char_count) as agg_1, COUNT(*) as agg_2 FROM web_page JOIN web_sales ON web_page.wp_web_page_sk = web_sales.ws_web_page_sk JOIN item ON web_sales.ws_item_sk = item.i_item_sk  WHERE item.i_manufact_id >= 160.0663267518406 AND web_page.wp_autogen_flag IN ('Y', 'N') AND (web_page.wp_web_page_id = 'AAAAAAAANJAAAAAA' OR (web_page.wp_type = 'feedback' AND web_page.wp_web_page_id = 'AAAAAAAAMFAAAAAA')) AND web_sales.ws_quantity <= 59.57187766462889 AND (web_page.wp_autogen_flag IN ('Y', 'N') OR (web_page.wp_autogen_flag IN ('Y') AND web_page.wp_autogen_flag IS NOT NULL)) AND item.i_manufact NOT LIKE '%stn%' AND item.i_current_price <= 3.7182270825488595 AND item.i_rec_end_date NOT LIKE '%2000-10-26%' AND item.i_color = 'indian' AND web_page.wp_url = 'http://www.foo.com' GROUP BY item.i_color, item.i_units, web_page.wp_web_page_id ORDER BY item.i_color, item.i_units, web_page.wp_web_page_id;"
2,0.001211,18.942144,18.940933,0,0,1,0,"SELECT MAX(store_returns.sr_reason_sk) as agg_0 FROM store_returns JOIN date_dim ON store_returns.sr_returned_date_sk = date_dim.d_date_sk JOIN web_page ON date_dim.d_date_sk = web_page.wp_access_date_sk  WHERE date_dim.d_date_sk <= 2456435.3437731005 AND web_page.wp_web_page_id NOT LIKE '%AAAAAAAAAKAAAAAA%' AND date_dim.d_weekend = 'Y' AND date_dim.d_current_week != 'N' AND store_returns.sr_return_amt <= 99.64725794190679 AND (web_page.wp_access_date_sk >= 2452632.3342475104 OR (web_page.wp_web_page_sk <= 149.7549722279922 AND web_page.wp_access_date_sk <= 2452592.853372082)) AND store_returns.sr_return_ship_cost <= 880.4281516790094 AND (date_dim.d_year <= 1929.4345651260712 OR (date_dim.d_following_holiday IN ('Y', 'N') AND date_dim.d_year >= 1903.1237965889738)) AND (web_page.wp_rec_start_date IN ('1999-09-04') OR (web_page.wp_rec_start_date IN ('2000-09-03', '1999-09-04', '1997-09-03', '2001-09-03') AND web_page.wp_rec_start_date LIKE '%1997-09-03%')) AND date_dim.d_same_day_ly <= 2424807.3073689654 AND (web_page.wp_autogen_flag = 'N' OR (web_page.wp_type LIKE '%ad%' AND web_page.wp_autogen_flag = 'Y')) AND web_page.wp_rec_start_date LIKE '%200%1-09-03%' AND web_page.wp_url NOT LIKE '%http://www.foo.com%' AND store_returns.sr_item_sk <= 49669.28877265654 AND (date_dim.d_qoy <= 3.0 OR (date_dim.d_qoy <= 2.7554928577973756 AND date_dim.d_qoy <= 2.0)) AND web_page.wp_char_count >= 1542.280091913042;"
5,0.107631,33.858321,33.750690,0,0,1,0,"SELECT date_dim.d_quarter_name, date_dim.d_holiday, household_demographics.hd_buy_potential, SUM(date_dim.d_dow + date_dim.d_same_day_lq) as agg_0, COUNT(*) as agg_1 FROM reason JOIN catalog_returns ON reason.r_reason_sk = catalog_returns.cr_reason_sk JOIN date_dim ON catalog_returns.cr_returned_date_sk = date_dim.d_date_sk JOIN catalog_page ON date_dim.d_date_sk = catalog_page.cp_start_date_sk JOIN household_demographics ON catalog_returns.cr_refunded_hdemo_sk = household_demographics.hd_demo_sk JOIN customer ON catalog_returns.cr_returning_customer_sk = customer.c_customer_sk  WHERE catalog_returns.cr_returned_date_sk >= 2452829.400297571 AND household_demographics.hd_buy_potential IN ('>10000', '0-500', '1001-5000') AND customer.c_last_name != 'Sipes' AND reason.r_reason_sk <= 30.484956651239717 AND customer.c_preferred_cust_flag IN ('Y') AND customer.c_first_sales_date_sk <= 2449305.295522215 AND customer.c_salutation IN ('Ms.') AND customer.c_birth_month >= 11.138553898495958 AND catalog_returns.cr_warehouse_sk <= 10.0 GROUP BY date_dim.d_quarter_name, date_dim.d_holiday, household_demographics.hd_buy_potential HAVING COUNT(*) >= 0 ORDER BY date_dim.d_quarter_name, date_dim.d_holiday, household_demographics.hd_buy_potential;"
9,16.980377,46.785265,29.804888,0,1,1,1,"SELECT time_dim.t_shift, COUNT(*) as agg_0 FROM time_dim JOIN catalog_sales ON time_dim.t_time_sk = catalog_sales.cs_sold_time_sk  WHERE catalog_sales.cs_ext_ship_cost <= 352.52349340469453 AND catalog_sales.cs_ext_wholesale_cost <= 2204.796471481882 AND catalog_sales.cs_net_paid_inc_tax >= 218.9209264764219 AND (time_dim.t_meal_time LIKE '%lunc%h%' OR time_dim.t_meal_time NOT LIKE '%lunch%' OR time_dim.t_meal_time NOT LIKE '%breakfast%') AND catalog_sales.cs_ship_customer_sk <= 421974.7344066446 GROUP BY time_dim.t_shift ORDER BY time_dim.t_shift;"
33,17.413945,1.223811,16.190134,1,1,1,1,"SELECT customer.c_preferred_cust_flag, AVG(web_sales.ws_net_paid_inc_tax + web_sales.ws_quantity) as agg_0, SUM(customer.c_customer_sk + web_sales.ws_ext_tax) as agg_1, SUM(web_sales.ws_ext_sales_price + web_sales.ws_sold_date_sk) as agg_2 FROM time_dim JOIN web_sales ON time_dim.t_time_sk = web_sales.ws_sold_time_sk JOIN web_returns ON time_dim.t_time_sk = web_returns.wr_returned_time_sk JOIN customer ON web_sales.ws_bill_customer_sk = customer.c_customer_sk  WHERE customer.c_birth_country NOT LIKE '%UNITED%' AND web_returns.wr_returned_date_sk <= 2451746.0213097306 AND time_dim.t_sub_shift LIKE '%afternoon%' AND web_returns.wr_refunded_cdemo_sk >= 520944.9053502769 AND time_dim.t_meal_time != 'dinner' AND web_sales.ws_web_site_sk <= 9.577711310238222 AND customer.c_first_sales_date_sk >= 2449662.645547458 AND time_dim.t_shift NOT LIKE '%fir%st%' AND customer.c_birth_day >= 6.608844396755836 GROUP BY customer.c_preferred_cust_flag HAVING SUM(customer.c_customer_sk + web_sales.ws_ext_tax) >= 250103.6898447931 ORDER BY customer.c_preferred_cust_flag LIMIT 100;"
35,27.437837,0.808278,26.629559,1,1,1,1,"SELECT COUNT(*) as agg_0, MAX(date_dim.d_same_day_ly) as agg_1 FROM ship_mode JOIN catalog_returns ON ship_mode.sm_ship_mode_sk = catalog_returns.cr_ship_mode_sk JOIN customer ON catalog_returns.cr_returning_customer_sk = customer.c_customer_sk JOIN date_dim ON customer.c_first_shipto_date_sk = date_dim.d_date_sk JOIN time_dim ON catalog_returns.cr_returned_time_sk = time_dim.t_time_sk JOIN web_sales ON customer.c_customer_sk = web_sales.ws_ship_customer_sk JOIN catalog_sales ON customer.c_customer_sk = catalog_sales.cs_ship_customer_sk JOIN household_demographics ON catalog_returns.cr_refunded_hdemo_sk = household_demographics.hd_demo_sk  WHERE customer.c_birth_year >= 1990.496711724422 AND (web_sales.ws_ext_tax <= 33.63932125324815 OR web_sales.ws_sold_time_sk >= 82487.00811296968 OR web_sales.ws_ext_tax >= 0.0) AND household_demographics.hd_demo_sk <= 6754.499773428319 AND web_sales.ws_ext_ship_cost >= 12.201890157320449 AND time_dim.t_shift IN ('third', 'first') AND time_dim.t_am_pm NOT LIKE '%A%M%' AND (customer.c_first_sales_date_sk >= 2450720.1588972216 OR customer.c_last_name != 'Rawls') AND time_dim.t_minute <= 53.60099089369679 AND catalog_sales.cs_ship_mode_sk >= 17.033822683271115 AND ship_mode.sm_ship_mode_id = 'AAAAAAAAABAAAAAA' LIMIT 100;"
110,53.737206,0.368752,53.368454,1,1,1,1,"SELECT time_dim.t_sub_shift, MIN(web_sales.ws_sold_time_sk + catalog_sales.cs_net_profit) as agg_0, SUM(web_sales.ws_ext_ship_cost + store_returns.sr_cdemo_sk) as agg_1, COUNT(*) as agg_2 FROM catalog_page JOIN date_dim ON catalog_page.cp_end_date_sk = date_dim.d_date_sk JOIN store_returns ON date_dim.d_date_sk = store_returns.sr_returned_date_sk JOIN promotion ON date_dim.d_date_sk = promotion.p_start_date_sk JOIN catalog_sales ON date_dim.d_date_sk = catalog_sales.cs_ship_date_sk JOIN catalog_returns ON date_dim.d_date_sk = catalog_returns.cr_returned_date_sk JOIN ship_mode ON catalog_returns.cr_ship_mode_sk = ship_mode.sm_ship_mode_sk JOIN web_sales ON ship_mode.sm_ship_mode_sk = web_sales.ws_ship_mode_sk JOIN web_site ON web_sales.ws_web_site_sk = web_site.web_site_sk JOIN call_center ON catalog_sales.cs_call_center_sk = call_center.cc_call_center_sk JOIN time_dim ON catalog_returns.cr_returned_time_sk = time_dim.t_time_sk  WHERE time_dim.t_am_pm NOT LIKE '%P%M%' AND web_site.web_tax_percentage >= 0.07 AND (call_center.cc_zip != '59231' OR (call_center.cc_mkt_desc LIKE '%are%as%' AND call_center.cc_zip NOT LIKE '%33604%')) AND catalog_page.cp_department = 'DEPARTMENT' AND time_dim.t_second <= 2.4663523759565424 AND date_dim.d_first_dom >= 2435236.085534791 AND store_returns.sr_reason_sk <= 9.89699496032371 AND ship_mode.sm_ship_mode_sk >= 19.73545649282033 AND date_dim.d_qoy >= 4.0 AND date_dim.d_current_day != 'N' AND (web_site.web_county = 'Williamson County' OR (web_site.web_county = 'Ziebach County' AND web_site.web_county LIKE '%Cou%nty%')) AND (store_returns.sr_return_time_sk <= 53732.698009138614 OR store_returns.sr_store_credit >= 161.49235531386415) GROUP BY time_dim.t_sub_shift ORDER BY time_dim.t_sub_shift;"
139,12.463035,0.161663,12.301372,1,1,1,1,"SELECT store.s_company_name, date_dim.d_current_month, store.s_street_number, AVG(web_sales.ws_order_number + web_sales.ws_net_paid_inc_ship_tax) as agg_0 FROM store JOIN date_dim ON store.s_closed_date_sk = date_dim.d_date_sk JOIN web_sales ON date_dim.d_date_sk = web_sales.ws_ship_date_sk JOIN customer_address ON web_sales.ws_ship_addr_sk = customer_address.ca_address_sk  WHERE customer_address.ca_state IN ('KY', 'ND', 'RI', 'MS', 'OH', 'IN', 'NC', 'NM', 'CO', 'GA') AND web_sales.ws_sold_date_sk <= 2451893.0359449396 AND (store.s_state NOT LIKE '%TN%' OR store.s_division_name NOT LIKE '%Unknown%') AND customer_address.ca_suite_number NOT LIKE '%380%' AND store.s_street_name = '2nd Oak' GROUP BY store.s_company_name, date_dim.d_current_month, store.s_street_number ORDER BY store.s_company_name, date_dim.d_current_month, store.s_street_number;"
203,15.256514,1.185617,14.070897,1,1,1,1,"SELECT call_center.cc_street_name, web_site.web_site_id, AVG(web_sales.ws_web_page_sk + time_dim.t_hour) as agg_0, SUM(web_returns.wr_returning_cdemo_sk + web_page.wp_link_count) as agg_1, MIN(catalog_returns.cr_call_center_sk) as agg_2 FROM inventory JOIN date_dim ON inventory.inv_date_sk = date_dim.d_date_sk JOIN web_site ON date_dim.d_date_sk = web_site.web_open_date_sk JOIN web_sales ON web_site.web_site_sk = web_sales.ws_web_site_sk JOIN time_dim ON web_sales.ws_sold_time_sk = time_dim.t_time_sk JOIN web_page ON date_dim.d_date_sk = web_page.wp_access_date_sk JOIN web_returns ON time_dim.t_time_sk = web_returns.wr_returned_time_sk JOIN call_center ON date_dim.d_date_sk = call_center.cc_closed_date_sk JOIN customer_demographics ON web_returns.wr_refunded_cdemo_sk = customer_demographics.cd_demo_sk JOIN catalog_returns ON customer_demographics.cd_demo_sk = catalog_returns.cr_refunded_cdemo_sk  WHERE web_sales.ws_warehouse_sk >= 1.0 AND catalog_returns.cr_ship_mode_sk >= 7.76963738666881 AND (web_page.wp_url LIKE '%http://www.foo.com%' OR web_page.wp_url != 'http://www.foo.com') AND customer_demographics.cd_marital_status IN ('M', 'W') AND date_dim.d_holiday != 'Y' GROUP BY call_center.cc_street_name, web_site.web_site_id ORDER BY call_center.cc_street_name, web_site.web_site_id LIMIT 10;"
208,23.843340,0.049665,23.793675,1,1,1,1,"SELECT time_dim.t_shift, customer.c_salutation, date_dim.d_holiday, AVG(catalog_sales.cs_sold_time_sk + catalog_sales.cs_sales_price) as agg_0 FROM ship_mode JOIN catalog_sales ON ship_mode.sm_ship_mode_sk = catalog_sales.cs_ship_mode_sk JOIN customer ON catalog_sales.cs_ship_customer_sk = customer.c_customer_sk JOIN date_dim ON customer.c_first_sales_date_sk = date_dim.d_date_sk JOIN catalog_page ON date_dim.d_date_sk = catalog_page.cp_start_date_sk JOIN customer_demographics ON catalog_sales.cs_ship_cdemo_sk = customer_demographics.cd_demo_sk JOIN time_dim ON catalog_sales.cs_sold_time_sk = time_dim.t_time_sk  WHERE catalog_page.cp_department != 'DEPARTMENT' AND (customer_demographics.cd_gender != 'F' OR customer_demographics.cd_education_status = '2 yr Degree') AND date_dim.d_current_week != 'N' AND time_dim.t_hour >= 14.91111551378998 AND time_dim.t_minute <= 26.519428505111225 AND customer.c_birth_month >= 1.9830139242563745 AND time_dim.t_sub_shift IN ('evening') AND (catalog_sales.cs_sold_date_sk <= 2451083.750204252 OR (catalog_sales.cs_sold_date_sk <= 2451282.4972198177 AND catalog_sales.cs_sold_date_sk <= 2451813.8297057333)) AND customer.c_birth_country IN ('NAURU', 'RWANDA', 'NIGERIA', 'NIUE', 'ICELAND', 'MONGOLIA', 'GABON') AND ship_mode.sm_type IN ('TWO DAY', 'OVERNIGHT', 'EXPRESS', 'NEXT DAY', 'LIBRARY', 'REGULAR') AND date_dim.d_current_year IN ('N', 'Y') AND customer_demographics.cd_credit_rating LIKE '%Risk%' AND date_dim.d_weekend = 'N' AND customer.c_first_name != 'Corrinne' GROUP BY time_dim.t_shift, customer.c_salutation, date_dim.d_holiday ORDER BY time_dim.t_shift, customer.c_salutation, date_dim.d_holiday;"
215,12.668918,1.615690,11.053228,1,1,1,1,SELECT MAX(catalog_sales.cs_sold_date_sk + date_dim.d_last_dom) as agg_0 FROM customer JOIN catalog_returns ON customer.c_customer_sk = catalog_returns.cr_returning_customer_sk JOIN customer_address ON catalog_returns.cr_returning_addr_sk = customer_address.ca_address_sk JOIN catalog_sales ON customer_address.ca_address_sk = catalog_sales.cs_ship_addr_sk JOIN date_dim ON catalog_sales.cs_sold_date_sk = date_dim.d_date_sk JOIN customer_demographics ON catalog_sales.cs_ship_cdemo_sk = customer_demographics.cd_demo_sk  WHERE catalog_sales.cs_bill_cdemo_sk >= 62938.023202260745 AND catalog_returns.cr_ship_mode_sk >= 9.415494158238683 AND customer_demographics.cd_purchase_estimate >= 5452.860839969926 AND customer.c_salutation IS NOT NULL AND customer.c_birth_country = 'GUINEA';
226,17.265242,0.056685,17.208557,1,1,1,1,"SELECT COUNT(*) as agg_0, COUNT(*) as agg_1 FROM web_returns JOIN customer ON web_returns.wr_refunded_customer_sk = customer.c_customer_sk JOIN web_sales ON customer.c_customer_sk = web_sales.ws_ship_customer_sk JOIN customer_address ON web_returns.wr_returning_addr_sk = customer_address.ca_address_sk JOIN date_dim ON customer.c_first_shipto_date_sk = date_dim.d_date_sk  WHERE web_returns.wr_item_sk >= 22439.227679610573 AND customer.c_preferred_cust_flag IN ('Y') AND date_dim.d_weekend IN ('Y') AND date_dim.d_current_month = 'N' AND customer_address.ca_city NOT LIKE '%O%ak%' AND customer.c_last_name != 'Brewer' AND customer_address.ca_address_sk >= 56171.648000202105 AND customer_address.ca_country = 'United States' AND date_dim.d_current_day != 'N' AND web_sales.ws_ship_hdemo_sk <= 5522.954415645372;"
236,10.331149,0.025898,10.305251,1,1,1,1,"SELECT date_dim.d_day_name, MAX(date_dim.d_fy_quarter_seq + catalog_sales.cs_quantity) as agg_0, MAX(catalog_page.cp_catalog_page_sk + catalog_sales.cs_ext_discount_amt) as agg_1, MIN(catalog_sales.cs_sold_time_sk + catalog_sales.cs_list_price) as agg_2 FROM catalog_page JOIN catalog_sales ON catalog_page.cp_catalog_page_sk = catalog_sales.cs_catalog_page_sk JOIN date_dim ON catalog_page.cp_start_date_sk = date_dim.d_date_sk JOIN customer_demographics ON catalog_sales.cs_ship_cdemo_sk = customer_demographics.cd_demo_sk JOIN ship_mode ON catalog_sales.cs_ship_mode_sk = ship_mode.sm_ship_mode_sk  WHERE customer_demographics.cd_credit_rating IN ('High Risk', 'Good', 'Low Risk', 'Unknown') AND customer_demographics.cd_marital_status = 'W' AND ship_mode.sm_contract != '2mM8l' AND catalog_page.cp_catalog_number <= 66.53304277113867 AND (catalog_page.cp_description NOT LIKE '%politic%al%' OR catalog_page.cp_type NOT LIKE '%bi-annual%') AND (date_dim.d_holiday != 'Y' OR date_dim.d_holiday = 'N') AND date_dim.d_quarter_name = '2081Q2' AND catalog_page.cp_catalog_page_number >= 35.006640719034266 AND catalog_page.cp_department NOT LIKE '%DEP%ARTMENT%' AND ship_mode.sm_type LIKE '%REGUL%AR%' AND ship_mode.sm_ship_mode_sk <= 14.446333069898694 AND date_dim.d_qoy >= 2.4259982368377733 AND catalog_page.cp_catalog_page_sk >= 9211.119124129818 GROUP BY date_dim.d_day_name ORDER BY date_dim.d_day_name;"
297,47.686296,3.654474,44.031822,1,1,1,1,"SELECT SUM(web_sales.ws_bill_hdemo_sk + web_sales.ws_bill_customer_sk) as agg_0 FROM web_sales JOIN customer ON web_sales.ws_ship_customer_sk = customer.c_customer_sk JOIN customer_address ON customer.c_current_addr_sk = customer_address.ca_address_sk JOIN household_demographics ON customer.c_current_hdemo_sk = household_demographics.hd_demo_sk JOIN date_dim ON customer.c_first_sales_date_sk = date_dim.d_date_sk JOIN customer_demographics ON web_sales.ws_ship_cdemo_sk = customer_demographics.cd_demo_sk JOIN web_site ON web_sales.ws_web_site_sk = web_site.web_site_sk JOIN web_returns ON customer_address.ca_address_sk = web_returns.wr_refunded_addr_sk  WHERE customer_demographics.cd_gender IN ('M') AND web_site.web_country LIKE '%Stat%es%' AND customer.c_birth_month <= 7.358174451376648 AND (customer_address.ca_state IN ('KY', 'AK', 'OR', 'ME', 'NM', 'DE', 'PA') OR (customer_address.ca_state IN ('IA', 'KS') AND customer_address.ca_state IN ('DE', 'MD', 'ME', 'MO'))) AND date_dim.d_date_sk >= 2431009.906023758 AND (web_sales.ws_wholesale_cost <= 16.735184603776915 OR web_sales.ws_web_site_sk >= 4.8873894056148455 OR web_sales.ws_wholesale_cost <= 92.65214364269922) HAVING SUM(web_sales.ws_bill_hdemo_sk + web_sales.ws_bill_customer_sk) != 253575.37166430717;"
322,20.283973,2.371069,17.912904,1,1,1,1,"SELECT customer_demographics.cd_marital_status, customer_demographics.cd_education_status, MAX(catalog_sales.cs_item_sk + web_sales.ws_coupon_amt) as agg_0, COUNT(*) as agg_1 FROM customer_demographics JOIN store_returns ON customer_demographics.cd_demo_sk = store_returns.sr_cdemo_sk JOIN catalog_sales ON customer_demographics.cd_demo_sk = catalog_sales.cs_bill_cdemo_sk JOIN web_sales ON customer_demographics.cd_demo_sk = web_sales.ws_ship_cdemo_sk  WHERE customer_demographics.cd_dep_college_count >= 3.8672019051264406 AND customer_demographics.cd_credit_rating = 'Low Risk' AND catalog_sales.cs_ship_cdemo_sk <= 1014834.5622645546 AND (catalog_sales.cs_call_center_sk <= 11.79439378218879 OR (catalog_sales.cs_call_center_sk >= 23.348342801956964 AND catalog_sales.cs_call_center_sk <= 13.578335671555102)) AND store_returns.sr_cdemo_sk >= 906186.7968591012 AND customer_demographics.cd_marital_status IN ('U', 'W', 'M') GROUP BY customer_demographics.cd_marital_status, customer_demographics.cd_education_status ORDER BY customer_demographics.cd_marital_status, customer_demographics.cd_education_status;"
326,43.006392,2.055825,40.950567,1,1,1,1,"SELECT COUNT(*) as agg_0, AVG(inventory.inv_quantity_on_hand + inventory.inv_warehouse_sk) as agg_1 FROM inventory  WHERE inventory.inv_date_sk <= 2451929.4028568235 AND inventory.inv_warehouse_sk <= 5.027919702283409 AND inventory.inv_quantity_on_hand <= 608.2160049677589 AND (inventory.inv_item_sk >= 64912.32796012113 OR inventory.inv_item_sk >= 66547.49419533074);"
344,20.505033,1.461731,19.043303,1,1,1,1,"SELECT store.s_rec_start_date, date_dim.d_following_holiday, promotion.p_channel_dmail, SUM(web_returns.wr_return_amt) as agg_0, MAX(promotion.p_item_sk + web_sales.ws_sold_time_sk) as agg_1 FROM catalog_sales JOIN call_center ON catalog_sales.cs_call_center_sk = call_center.cc_call_center_sk JOIN item ON catalog_sales.cs_item_sk = item.i_item_sk JOIN catalog_returns ON item.i_item_sk = catalog_returns.cr_item_sk JOIN household_demographics ON catalog_returns.cr_returning_hdemo_sk = household_demographics.hd_demo_sk JOIN customer_demographics ON catalog_returns.cr_returning_cdemo_sk = customer_demographics.cd_demo_sk JOIN web_returns ON customer_demographics.cd_demo_sk = web_returns.wr_returning_cdemo_sk JOIN promotion ON catalog_sales.cs_promo_sk = promotion.p_promo_sk JOIN date_dim ON catalog_sales.cs_ship_date_sk = date_dim.d_date_sk JOIN store ON date_dim.d_date_sk = store.s_closed_date_sk JOIN web_sales ON date_dim.d_date_sk = web_sales.ws_sold_date_sk  WHERE date_dim.d_current_quarter = 'Y' AND household_demographics.hd_buy_potential NOT LIKE '%1001%-5000%' AND promotion.p_promo_name IN ('pri', 'cally', 'ation') AND date_dim.d_current_month IN ('Y', 'N') AND call_center.cc_city NOT LIKE '%Mi%dway%' AND date_dim.d_day_name LIKE '%Saturd%ay%' AND item.i_class != 'fishing' AND item.i_container LIKE '%Unknown%' AND catalog_sales.cs_ship_cdemo_sk >= 1148291.7100940207 AND item.i_category_id >= 3.4753595069843755 GROUP BY store.s_rec_start_date, date_dim.d_following_holiday, promotion.p_channel_dmail HAVING SUM(web_returns.wr_return_amt) != 1298.9991210783626 ORDER BY store.s_rec_start_date, date_dim.d_following_holiday, promotion.p_channel_dmail LIMIT 1000;"
355,15.666906,1.877943,13.788964,1,1,1,1,"SELECT date_dim.d_holiday, time_dim.t_sub_shift, date_dim.d_following_holiday, SUM(date_dim.d_qoy + store_returns.sr_fee) as agg_0 FROM customer_address JOIN store_returns ON customer_address.ca_address_sk = store_returns.sr_addr_sk JOIN customer ON store_returns.sr_customer_sk = customer.c_customer_sk JOIN store_sales ON customer_address.ca_address_sk = store_sales.ss_addr_sk JOIN household_demographics ON store_returns.sr_hdemo_sk = household_demographics.hd_demo_sk JOIN time_dim ON store_returns.sr_return_time_sk = time_dim.t_time_sk JOIN web_returns ON customer.c_customer_sk = web_returns.wr_refunded_customer_sk JOIN date_dim ON customer.c_first_shipto_date_sk = date_dim.d_date_sk  WHERE (date_dim.d_current_year IN ('Y') OR date_dim.d_current_year = 'Y') AND (household_demographics.hd_buy_potential IN ('501-1000', '5001-10000') OR household_demographics.hd_buy_potential LIKE '%1001-500%0%' OR household_demographics.hd_buy_potential NOT LIKE '%5%001-10000%') AND customer_address.ca_city IN ('Lakeview') AND web_returns.wr_web_page_sk >= 25.505336812515154 AND date_dim.d_holiday IN ('N', 'Y') AND customer.c_customer_sk <= 158001.4961252004 GROUP BY date_dim.d_holiday, time_dim.t_sub_shift, date_dim.d_following_holiday HAVING SUM(date_dim.d_qoy + store_returns.sr_fee) >= 52.76364266520005 ORDER BY date_dim.d_holiday, time_dim.t_sub_shift, date_dim.d_following_holiday LIMIT 10;"
378,18.132061,0.444050,17.688011,1,1,1,1,SELECT MAX(store_sales.ss_hdemo_sk) as agg_0 FROM store_sales  WHERE (store_sales.ss_quantity >= 51.81043789071466 OR store_sales.ss_quantity >= 53.32001563898884 OR store_sales.ss_quantity >= 21.757423399279798) AND (store_sales.ss_store_sk >= 73.58695874836103 OR (store_sales.ss_ext_wholesale_cost >= 3547.003515186123 AND store_sales.ss_store_sk >= 97.06866028147189)) LIMIT 1000;
387,27.183588,0.150501,27.033087,1,1,1,1,"SELECT ship_mode.sm_carrier, COUNT(*) as agg_0 FROM web_sales JOIN ship_mode ON web_sales.ws_ship_mode_sk = ship_mode.sm_ship_mode_sk JOIN customer_address ON web_sales.ws_bill_addr_sk = customer_address.ca_address_sk JOIN customer_demographics ON web_sales.ws_bill_cdemo_sk = customer_demographics.cd_demo_sk  WHERE customer_demographics.cd_credit_rating LIKE '%Lo%w%' AND customer_demographics.cd_credit_rating LIKE '%Good%' AND customer_address.ca_gmt_offset >= -5.0 AND customer_demographics.cd_purchase_estimate <= 8462.550062402455 AND (customer_demographics.cd_demo_sk >= 1662877.065635116 OR (customer_demographics.cd_dep_college_count >= 5.926807699374255 AND customer_demographics.cd_demo_sk >= 173034.6039510592)) GROUP BY ship_mode.sm_carrier HAVING COUNT(*) >= 0 ORDER BY ship_mode.sm_carrier LIMIT 100;"
414,15.405581,1.846480,13.559102,1,1,1,1,"SELECT call_center.cc_state, date_dim.d_quarter_name, customer_demographics.cd_marital_status, MIN(date_dim.d_fy_quarter_seq) as agg_0, AVG(web_sales.ws_net_profit) as agg_1 FROM customer_demographics JOIN web_sales ON customer_demographics.cd_demo_sk = web_sales.ws_bill_cdemo_sk JOIN catalog_returns ON customer_demographics.cd_demo_sk = catalog_returns.cr_returning_cdemo_sk JOIN web_page ON web_sales.ws_web_page_sk = web_page.wp_web_page_sk JOIN web_returns ON customer_demographics.cd_demo_sk = web_returns.wr_refunded_cdemo_sk JOIN customer ON web_returns.wr_refunded_customer_sk = customer.c_customer_sk JOIN call_center ON catalog_returns.cr_call_center_sk = call_center.cc_call_center_sk JOIN date_dim ON catalog_returns.cr_returned_date_sk = date_dim.d_date_sk  WHERE web_page.wp_rec_end_date NOT LIKE '%2001-09-02%' AND catalog_returns.cr_returning_cdemo_sk <= 920923.738224284 AND web_sales.ws_ext_discount_amt <= 4124.179265992419 AND customer_demographics.cd_marital_status IN ('M') AND (customer.c_current_cdemo_sk <= 1825737.9063968202 OR customer.c_first_name LIKE '%Robe%rt%' OR customer.c_current_cdemo_sk >= 913794.2117755462) AND web_returns.wr_returning_customer_sk >= 127424.09492715588 AND customer_demographics.cd_dep_employed_count >= 3.8205122161274154 AND catalog_returns.cr_return_ship_cost >= 162.65106923154164 AND call_center.cc_mkt_desc = 'Furthermore various areas shall not gr' AND web_page.wp_autogen_flag = 'Y' AND customer_demographics.cd_dep_count <= 4.0 AND (date_dim.d_current_month IN ('N') OR date_dim.d_same_day_lq <= 2480628.739752135) AND (web_page.wp_type NOT LIKE '%protec%ted%' OR web_page.wp_char_count <= 2555.3748245431625) AND web_page.wp_web_page_id IN ('AAAAAAAAEHAAAAAA', 'AAAAAAAAHAAAAAAA', 'AAAAAAAAKGAAAAAA', 'AAAAAAAAALAAAAAA', 'AAAAAAAAMCAAAAAA') AND date_dim.d_following_holiday IN ('N', 'Y') AND customer_demographics.cd_education_status IN ('4 yr Degree', '2 yr Degree', 'College', 'Advanced Degree', 'Unknown', 'Secondary') AND customer.c_birth_country IS NOT NULL AND catalog_returns.cr_returning_hdemo_sk >= 2198.1554394839745 AND customer_demographics.cd_gender = 'M' GROUP BY call_center.cc_state, date_dim.d_quarter_name, customer_demographics.cd_marital_status ORDER BY call_center.cc_state, date_dim.d_quarter_name, customer_demographics.cd_marital_status LIMIT 1000;"
418,26.226549,1.931087,24.295462,1,1,1,1,"SELECT customer.c_login, customer.c_first_name, store.s_city, AVG(store_returns.sr_ticket_number) as agg_0, MIN(store_returns.sr_return_amt_inc_tax) as agg_1, MIN(store_returns.sr_reversed_charge) as agg_2 FROM store JOIN store_returns ON store.s_store_sk = store_returns.sr_store_sk JOIN time_dim ON store_returns.sr_return_time_sk = time_dim.t_time_sk JOIN customer ON store_returns.sr_customer_sk = customer.c_customer_sk JOIN customer_demographics ON store_returns.sr_cdemo_sk = customer_demographics.cd_demo_sk  WHERE customer_demographics.cd_education_status LIKE '%College%' AND (customer_demographics.cd_gender IN ('F', 'M') OR customer_demographics.cd_credit_rating NOT LIKE '%High%' OR customer_demographics.cd_gender != 'F') AND customer_demographics.cd_dep_employed_count >= 0.9118151964890906 AND customer_demographics.cd_marital_status != 'W' GROUP BY customer.c_login, customer.c_first_name, store.s_city ORDER BY customer.c_login, customer.c_first_name, store.s_city;"
440,19.032545,0.029504,19.003042,1,1,1,1,"SELECT web_site.web_street_name, AVG(date_dim.d_quarter_seq) as agg_0, MIN(call_center.cc_company + web_returns.wr_fee) as agg_1 FROM web_site JOIN date_dim ON web_site.web_close_date_sk = date_dim.d_date_sk JOIN web_returns ON date_dim.d_date_sk = web_returns.wr_returned_date_sk JOIN call_center ON date_dim.d_date_sk = call_center.cc_open_date_sk JOIN web_sales ON web_site.web_site_sk = web_sales.ws_web_site_sk  WHERE web_sales.ws_list_price <= 57.88669019327262 AND call_center.cc_name != 'California' AND web_sales.ws_ext_discount_amt <= 4100.697147215531 AND web_site.web_name != 'site_0' AND (call_center.cc_gmt_offset <= -5.151949130388062 OR (call_center.cc_gmt_offset <= -5.9767836276474835 AND call_center.cc_gmt_offset >= -6.0)) AND web_sales.ws_item_sk <= 40996.870374089194 AND call_center.cc_company_name NOT LIKE '%o%ught%' GROUP BY web_site.web_street_name ORDER BY web_site.web_street_name;"
468,23.698238,2.210225,21.488013,1,1,1,1,"SELECT MIN(web_sales.ws_ext_ship_cost + web_sales.ws_warehouse_sk) as agg_0, SUM(web_sales.ws_ship_cdemo_sk + web_sales.ws_order_number) as agg_1 FROM web_site JOIN web_sales ON web_site.web_site_sk = web_sales.ws_web_site_sk JOIN household_demographics ON web_sales.ws_ship_hdemo_sk = household_demographics.hd_demo_sk JOIN date_dim ON web_sales.ws_ship_date_sk = date_dim.d_date_sk JOIN web_returns ON household_demographics.hd_demo_sk = web_returns.wr_refunded_hdemo_sk JOIN warehouse ON web_sales.ws_warehouse_sk = warehouse.w_warehouse_sk JOIN time_dim ON web_returns.wr_returned_time_sk = time_dim.t_time_sk JOIN customer ON date_dim.d_date_sk = customer.c_first_shipto_date_sk  WHERE warehouse.w_street_type LIKE '%Dr%.%' AND customer.c_preferred_cust_flag IN ('N', 'Y') AND (household_demographics.hd_buy_potential != '>10000' OR (household_demographics.hd_buy_potential NOT LIKE '%1001-5000%' AND household_demographics.hd_buy_potential != '>10000')) AND web_sales.ws_ext_wholesale_cost >= 4152.845192744802 AND household_demographics.hd_buy_potential LIKE '%5%001-10000%' AND customer.c_last_name LIKE '%Johnson%' AND household_demographics.hd_income_band_sk >= 13.605583173673306 AND web_returns.wr_return_quantity <= 21.22167476642902 AND (web_sales.ws_ship_addr_sk >= 48185.26399085972 OR web_sales.ws_ext_discount_amt >= 2121.166338671922) AND time_dim.t_sub_shift NOT LIKE '%afternoon%' AND web_site.web_tax_percentage >= 0.1190645664486473 AND (date_dim.d_same_day_lq <= 2417478.231913597 OR (date_dim.d_day_name LIKE '%Su%nday%' AND date_dim.d_same_day_lq >= 2445380.168403853)) AND web_sales.ws_sales_price <= 202.87203419146658 AND web_sales.ws_sold_time_sk <= 24567.62757934923 AND warehouse.w_country = 'United States' AND warehouse.w_warehouse_sq_ft <= 785184.0851785125 AND (web_returns.wr_returning_customer_sk <= 211452.0220992239 OR web_returns.wr_order_number <= 117762.43633756669) LIMIT 100;"
476,14.908320,0.130629,14.777691,1,1,1,1,"SELECT catalog_page.cp_type, call_center.cc_suite_number, AVG(web_returns.wr_refunded_cdemo_sk) as agg_0 FROM customer_demographics JOIN customer ON customer_demographics.cd_demo_sk = customer.c_current_cdemo_sk JOIN web_returns ON customer.c_customer_sk = web_returns.wr_refunded_customer_sk JOIN date_dim ON customer.c_first_sales_date_sk = date_dim.d_date_sk JOIN customer_address ON web_returns.wr_refunded_addr_sk = customer_address.ca_address_sk JOIN catalog_page ON date_dim.d_date_sk = catalog_page.cp_start_date_sk JOIN call_center ON date_dim.d_date_sk = call_center.cc_open_date_sk JOIN catalog_returns ON catalog_page.cp_catalog_page_sk = catalog_returns.cr_catalog_page_sk JOIN household_demographics ON catalog_returns.cr_returning_hdemo_sk = household_demographics.hd_demo_sk  WHERE customer.c_first_name NOT LIKE '%Mich%ael%' AND date_dim.d_date_sk >= 2431260.2104077893 AND customer_address.ca_street_type LIKE '%Co%urt%' AND call_center.cc_mkt_desc IN ('Blue, due beds come. Politicians would not make far thoughts. Specifically new horses partic', 'Shared others could not count fully dollars. New members ca') GROUP BY catalog_page.cp_type, call_center.cc_suite_number ORDER BY catalog_page.cp_type, call_center.cc_suite_number;"
480,29.935634,0.200733,29.734901,1,1,1,1,"SELECT COUNT(*) as agg_0 FROM catalog_sales JOIN time_dim ON catalog_sales.cs_sold_time_sk = time_dim.t_time_sk JOIN customer_address ON catalog_sales.cs_bill_addr_sk = customer_address.ca_address_sk JOIN store_returns ON customer_address.ca_address_sk = store_returns.sr_addr_sk JOIN promotion ON catalog_sales.cs_promo_sk = promotion.p_promo_sk JOIN call_center ON catalog_sales.cs_call_center_sk = call_center.cc_call_center_sk JOIN catalog_page ON catalog_sales.cs_catalog_page_sk = catalog_page.cp_catalog_page_sk JOIN store_sales ON customer_address.ca_address_sk = store_sales.ss_addr_sk  WHERE (catalog_page.cp_catalog_page_sk >= 9706.400542935116 OR (catalog_page.cp_catalog_page_sk >= 11067.285442039987 AND catalog_page.cp_catalog_page_sk >= 1231.9381544473479)) AND (store_sales.ss_net_profit >= -3975.2040896368317 OR store_sales.ss_sold_date_sk <= 2450924.632800174 OR store_sales.ss_net_profit <= 217.73490461081644) AND customer_address.ca_suite_number IN ('Suite C', 'Suite X', 'Suite 280') AND call_center.cc_city NOT LIKE '%Points%' AND catalog_page.cp_department != 'DEPARTMENT' AND customer_address.ca_country = 'United States' AND customer_address.ca_street_name != '11th Fourth' AND promotion.p_end_date_sk <= 2450664.6103923493 AND call_center.cc_hours != '8AM-4PM' AND catalog_page.cp_catalog_page_number >= 25.658687187026825 AND customer_address.ca_country NOT LIKE '%State%s%' AND (time_dim.t_sub_shift LIKE '%night%' OR time_dim.t_sub_shift LIKE '%afternoon%' OR time_dim.t_sub_shift IN ('morning', 'night')) AND catalog_page.cp_start_date_sk >= 2451167.288391073;"
481,20.208708,4.365808,15.842900,1,1,1,1,"SELECT item.i_rec_start_date, AVG(item.i_current_price) as agg_0, MIN(web_returns.wr_returned_time_sk) as agg_1, AVG(catalog_sales.cs_call_center_sk) as agg_2 FROM store_sales JOIN customer ON store_sales.ss_customer_sk = customer.c_customer_sk JOIN item ON store_sales.ss_item_sk = item.i_item_sk JOIN web_returns ON customer.c_customer_sk = web_returns.wr_returning_customer_sk JOIN catalog_sales ON customer.c_customer_sk = catalog_sales.cs_ship_customer_sk  WHERE store_sales.ss_addr_sk >= 51499.17959500481 AND store_sales.ss_net_paid_inc_tax >= 1328.5489998652697 AND item.i_container = 'Unknown' AND customer.c_preferred_cust_flag != 'N' AND customer.c_first_name LIKE '%John%' AND web_returns.wr_return_quantity <= 25.25504020380022 GROUP BY item.i_rec_start_date HAVING AVG(item.i_current_price) >= 9.319952423548376 ORDER BY item.i_rec_start_date;"
488,27.834389,1.713513,26.120876,1,1,1,1,"SELECT customer_demographics.cd_marital_status, SUM(store_sales.ss_ext_list_price + web_returns.wr_item_sk) as agg_0, COUNT(*) as agg_1, AVG(store_sales.ss_ext_tax + web_returns.wr_returned_time_sk) as agg_2 FROM store JOIN store_sales ON store.s_store_sk = store_sales.ss_store_sk JOIN time_dim ON store_sales.ss_sold_time_sk = time_dim.t_time_sk JOIN customer_demographics ON store_sales.ss_cdemo_sk = customer_demographics.cd_demo_sk JOIN store_returns ON customer_demographics.cd_demo_sk = store_returns.sr_cdemo_sk JOIN web_returns ON customer_demographics.cd_demo_sk = web_returns.wr_returning_cdemo_sk JOIN catalog_returns ON customer_demographics.cd_demo_sk = catalog_returns.cr_refunded_cdemo_sk JOIN household_demographics ON store_sales.ss_hdemo_sk = household_demographics.hd_demo_sk JOIN customer ON store_returns.sr_customer_sk = customer.c_customer_sk  WHERE (household_demographics.hd_buy_potential IN ('501-1000', '>10000', '0-500', '5001-10000', '1001-5000') OR household_demographics.hd_income_band_sk >= 12.265300952276835) AND (customer.c_salutation IN ('Ms.', 'Mr.') OR (customer.c_salutation NOT LIKE '%Dr.%' AND customer.c_salutation != 'Dr.')) AND time_dim.t_minute >= 4.017599875496378 AND web_returns.wr_reason_sk <= 34.24583893602308 AND catalog_returns.cr_catalog_page_sk >= 3907.9030099635456 AND time_dim.t_meal_time IS NOT NULL AND store_sales.ss_addr_sk >= 194979.71591141488 AND time_dim.t_sub_shift NOT LIKE '%a%fternoon%' AND web_returns.wr_refunded_addr_sk >= 55874.1698682078 AND time_dim.t_shift = 'third' AND web_returns.wr_fee >= 10.046057416629026 AND (catalog_returns.cr_fee >= 32.08574571733445 OR (catalog_returns.cr_fee >= 43.28507909280766 AND catalog_returns.cr_fee >= 82.22127423784426)) AND customer_demographics.cd_marital_status IN ('U', 'D', 'W', 'S', 'M') AND web_returns.wr_item_sk >= 45243.566722600255 AND (store.s_market_manager LIKE '%Douglas%' OR (store.s_market_manager = 'Frank Babcock' AND store.s_market_manager IN ('Lawrence Nettles', 'Richard Bryant', 'Jamie Dorsey', 'Mark Ball'))) AND customer_demographics.cd_education_status NOT LIKE '%Unkno%wn%' AND web_returns.wr_returned_date_sk >= 2452605.9554004804 AND customer_demographics.cd_dep_count <= 5.523059894209938 GROUP BY customer_demographics.cd_marital_status HAVING AVG(store_sales.ss_ext_tax + web_returns.wr_returned_time_sk) <= 49139.91774716967 ORDER BY customer_demographics.cd_marital_status;"
492,23.035927,2.721057,20.314870,1,1,1,1,"SELECT store.s_geography_class, store.s_country, MAX(store_returns.sr_return_time_sk + store_returns.sr_net_loss) as agg_0 FROM store JOIN store_returns ON store.s_store_sk = store_returns.sr_store_sk JOIN customer ON store_returns.sr_customer_sk = customer.c_customer_sk  WHERE customer.c_last_name != 'Kohn' AND customer.c_preferred_cust_flag IS NOT NULL GROUP BY store.s_geography_class, store.s_country ORDER BY store.s_geography_class, store.s_country;"
499,48.236743,0.358928,47.877815,1,1,1,1,"SELECT web_page.wp_rec_end_date, SUM(catalog_returns.cr_refunded_cash) as agg_0 FROM web_returns JOIN household_demographics ON web_returns.wr_returning_hdemo_sk = household_demographics.hd_demo_sk JOIN reason ON web_returns.wr_reason_sk = reason.r_reason_sk JOIN customer ON web_returns.wr_refunded_customer_sk = customer.c_customer_sk JOIN customer_demographics ON customer.c_current_cdemo_sk = customer_demographics.cd_demo_sk JOIN date_dim ON customer.c_first_sales_date_sk = date_dim.d_date_sk JOIN catalog_returns ON reason.r_reason_sk = catalog_returns.cr_reason_sk JOIN call_center ON date_dim.d_date_sk = call_center.cc_closed_date_sk JOIN web_sales ON customer_demographics.cd_demo_sk = web_sales.ws_bill_cdemo_sk JOIN time_dim ON catalog_returns.cr_returned_time_sk = time_dim.t_time_sk JOIN web_page ON date_dim.d_date_sk = web_page.wp_access_date_sk  WHERE (customer.c_salutation LIKE '%Mrs.%' OR customer.c_birth_country != 'TONGA') AND date_dim.d_day_name NOT LIKE '%Mond%ay%' AND web_page.wp_web_page_id IN ('AAAAAAAAGIAAAAAA', 'AAAAAAAAMKAAAAAA', 'AAAAAAAAAEAAAAAA', 'AAAAAAAAOCAAAAAA', 'AAAAAAAACLAAAAAA', 'AAAAAAAAAHAAAAAA', 'AAAAAAAAOLAAAAAA', 'AAAAAAAAODAAAAAA', 'AAAAAAAAFCAAAAAA') AND household_demographics.hd_buy_potential IN ('1001-5000', '5001-10000', '501-1000', '0-500', 'Unknown') AND call_center.cc_manager != 'Charles Hinkle' AND web_returns.wr_net_loss >= 1852.3269834635846 AND customer_demographics.cd_purchase_estimate >= 5770.106094708938 AND reason.r_reason_sk >= 5.213650143277102 AND web_sales.ws_web_site_sk >= 4.010755945543201 AND catalog_returns.cr_refunded_addr_sk >= 149559.0758021483 AND web_sales.ws_ext_discount_amt <= 1456.5354806159335 AND call_center.cc_tax_percentage >= 0.0 AND customer.c_first_name = 'Carlota' AND customer_demographics.cd_education_status IN ('Secondary', '2 yr Degree', 'Primary', 'Advanced Degree') AND web_returns.wr_refunded_hdemo_sk <= 1810.9999652630627 AND time_dim.t_sub_shift IN ('morning', 'night', 'afternoon', 'evening') AND call_center.cc_state IN ('TN', 'SD', 'AL') GROUP BY web_page.wp_rec_end_date ORDER BY web_page.wp_rec_end_date;"
500,42.950261,6.484802,36.465458,1,1,1,1,"SELECT customer.c_last_name, customer.c_preferred_cust_flag, MAX(catalog_returns.cr_return_quantity + store_sales.ss_sold_time_sk) as agg_0, SUM(store_sales.ss_ext_sales_price) as agg_1 FROM ship_mode JOIN catalog_returns ON ship_mode.sm_ship_mode_sk = catalog_returns.cr_ship_mode_sk JOIN customer ON catalog_returns.cr_returning_customer_sk = customer.c_customer_sk JOIN date_dim ON customer.c_first_shipto_date_sk = date_dim.d_date_sk JOIN household_demographics ON customer.c_current_hdemo_sk = household_demographics.hd_demo_sk JOIN store_sales ON customer.c_customer_sk = store_sales.ss_customer_sk  WHERE catalog_returns.cr_refunded_customer_sk >= 154781.92748597072 AND customer.c_first_name NOT LIKE '%Willia%m%' AND (household_demographics.hd_buy_potential != '>10000' OR household_demographics.hd_dep_count <= 0.6164904579841555) AND date_dim.d_moy >= 10.671871516237847 AND household_demographics.hd_buy_potential NOT LIKE '%>10000%' GROUP BY customer.c_last_name, customer.c_preferred_cust_flag ORDER BY customer.c_last_name, customer.c_preferred_cust_flag;"
516,14.960910,4.585737,10.375173,1,1,1,1,"SELECT customer_address.ca_zip, date_dim.d_current_year, MIN(catalog_sales.cs_wholesale_cost + catalog_sales.cs_ext_tax) as agg_0, AVG(catalog_sales.cs_bill_cdemo_sk) as agg_1, MAX(catalog_sales.cs_ext_wholesale_cost) as agg_2 FROM customer_address JOIN catalog_sales ON customer_address.ca_address_sk = catalog_sales.cs_ship_addr_sk JOIN date_dim ON catalog_sales.cs_ship_date_sk = date_dim.d_date_sk  WHERE customer_address.ca_street_type IN ('Ct.', 'Parkway', 'Blvd') AND customer_address.ca_county != 'Umatilla County' AND (customer_address.ca_country != 'United States' OR customer_address.ca_street_name LIKE '%Centra%l%') AND date_dim.d_qoy <= 3.0 AND customer_address.ca_address_sk <= 22941.067976303413 AND catalog_sales.cs_ext_wholesale_cost <= 6389.081067167974 AND catalog_sales.cs_ship_addr_sk <= 55556.51948181791 AND date_dim.d_following_holiday != 'Y' AND (catalog_sales.cs_sold_time_sk >= 42673.54505004764 OR catalog_sales.cs_ext_tax >= 19.75908537970803 OR catalog_sales.cs_sold_time_sk <= 6873.300727334838) AND (date_dim.d_quarter_name != '2015Q4' OR date_dim.d_quarter_name != '2024Q3') AND catalog_sales.cs_item_sk <= 96595.01774056703 GROUP BY customer_address.ca_zip, date_dim.d_current_year HAVING MAX(catalog_sales.cs_ext_wholesale_cost) >= 2550.5973528593395 ORDER BY customer_address.ca_zip, date_dim.d_current_year LIMIT 1000;"
537,55.900193,1.835027,54.065166,1,1,1,1,"SELECT SUM(catalog_sales.cs_net_paid_inc_ship_tax + catalog_sales.cs_list_price) as agg_0, AVG(catalog_page.cp_catalog_number) as agg_1 FROM ship_mode JOIN catalog_sales ON ship_mode.sm_ship_mode_sk = catalog_sales.cs_ship_mode_sk JOIN catalog_page ON catalog_sales.cs_catalog_page_sk = catalog_page.cp_catalog_page_sk JOIN date_dim ON catalog_page.cp_start_date_sk = date_dim.d_date_sk JOIN customer_address ON catalog_sales.cs_bill_addr_sk = customer_address.ca_address_sk JOIN promotion ON date_dim.d_date_sk = promotion.p_end_date_sk  WHERE (customer_address.ca_suite_number LIKE '%40%' OR (customer_address.ca_suite_number IS NULL AND customer_address.ca_suite_number NOT LIKE '%2%70%')) AND customer_address.ca_zip != '81422' LIMIT 1000;"
552,23.658708,0.854106,22.804602,1,1,1,1,"SELECT customer.c_last_name, COUNT(*) as agg_0, SUM(web_page.wp_link_count + web_returns.wr_refunded_hdemo_sk) as agg_1, MAX(web_returns.wr_return_ship_cost) as agg_2 FROM web_sales JOIN item ON web_sales.ws_item_sk = item.i_item_sk JOIN web_returns ON item.i_item_sk = web_returns.wr_item_sk JOIN customer_address ON web_returns.wr_refunded_addr_sk = customer_address.ca_address_sk JOIN reason ON web_returns.wr_reason_sk = reason.r_reason_sk JOIN customer ON web_sales.ws_ship_customer_sk = customer.c_customer_sk JOIN ship_mode ON web_sales.ws_ship_mode_sk = ship_mode.sm_ship_mode_sk JOIN web_page ON web_returns.wr_web_page_sk = web_page.wp_web_page_sk JOIN warehouse ON web_sales.ws_warehouse_sk = warehouse.w_warehouse_sk  WHERE customer.c_first_name LIKE '%Robert%' AND ship_mode.sm_contract = '6Hzzp4JkzjqD8MGXLCDa' AND warehouse.w_zip NOT LIKE '%59231%' AND (item.i_brand_id >= 1954725.485157119 OR item.i_brand_id <= 8010764.626269394) AND item.i_rec_start_date IS NOT NULL AND reason.r_reason_desc != 'reason 31' AND warehouse.w_warehouse_id != 'AAAAAAAAIAAAAAAA' AND customer.c_salutation NOT LIKE '%Ms.%' AND reason.r_reason_sk <= 33.526898598625905 AND web_sales.ws_ship_addr_sk <= 43874.63733112764 AND warehouse.w_suite_number NOT LIKE '%Suit%e%' AND ship_mode.sm_code LIKE '%AIR%' AND web_sales.ws_order_number >= 544786.374258994 AND ship_mode.sm_type != 'REGULAR' AND web_returns.wr_returned_date_sk >= 2451166.4497515275 AND customer.c_preferred_cust_flag IN ('Y') AND web_returns.wr_returned_time_sk >= 34229.01846283201 GROUP BY customer.c_last_name ORDER BY customer.c_last_name;"
553,11.115560,0.072335,11.043225,1,1,1,1,"SELECT customer_address.ca_country, MIN(web_returns.wr_returning_customer_sk + store_returns.sr_reason_sk) as agg_0 FROM customer_address JOIN store_returns ON customer_address.ca_address_sk = store_returns.sr_addr_sk JOIN reason ON store_returns.sr_reason_sk = reason.r_reason_sk JOIN customer ON store_returns.sr_customer_sk = customer.c_customer_sk JOIN store_sales ON customer_address.ca_address_sk = store_sales.ss_addr_sk JOIN web_returns ON customer_address.ca_address_sk = web_returns.wr_returning_addr_sk  WHERE customer_address.ca_street_name IN ('Ninth Woodland', 'Sunset Railroad', 'Forest Elm', 'Poplar Ridge') AND customer.c_birth_day <= 23.982425752393123 AND customer_address.ca_country NOT LIKE '%States%' AND customer.c_birth_year >= 1980.6097687199479 AND store_sales.ss_hdemo_sk <= 2894.985889004835 AND store_sales.ss_ext_sales_price <= 634.6371034471089 AND (customer_address.ca_county NOT LIKE '%County%' OR (customer_address.ca_county = 'DuPage County' AND customer_address.ca_county NOT LIKE '%Parish%')) GROUP BY customer_address.ca_country HAVING MIN(web_returns.wr_returning_customer_sk + store_returns.sr_reason_sk) != 250187.82644870048 ORDER BY customer_address.ca_country;"
556,17.532949,4.175861,13.357089,1,1,1,1,"SELECT warehouse.w_county, warehouse.w_street_name, warehouse.w_zip, SUM(web_sales.ws_net_paid_inc_ship_tax + web_sales.ws_web_site_sk) as agg_0, MIN(web_sales.ws_wholesale_cost + web_sales.ws_web_site_sk) as agg_1 FROM warehouse JOIN web_sales ON warehouse.w_warehouse_sk = web_sales.ws_warehouse_sk JOIN time_dim ON web_sales.ws_sold_time_sk = time_dim.t_time_sk  WHERE time_dim.t_shift != 'first' AND warehouse.w_city LIKE '%Riverside%' GROUP BY warehouse.w_county, warehouse.w_street_name, warehouse.w_zip ORDER BY warehouse.w_county, warehouse.w_street_name, warehouse.w_zip;"
558,45.469792,5.571539,39.898253,1,1,1,1,SELECT MIN(store_sales.ss_hdemo_sk + store_sales.ss_sold_time_sk) as agg_0 FROM store_sales JOIN customer_address ON store_sales.ss_addr_sk = customer_address.ca_address_sk  WHERE customer_address.ca_street_name LIKE '%Popla%r%' AND customer_address.ca_gmt_offset <= -6.0 AND (customer_address.ca_street_type LIKE '%Boulevard%' OR customer_address.ca_county NOT LIKE '%County%' OR customer_address.ca_street_type NOT LIKE '%Court%') AND store_sales.ss_hdemo_sk <= 4451.032233767548 AND (store_sales.ss_coupon_amt <= 0.0 OR store_sales.ss_coupon_amt <= 111.56438404884283 OR store_sales.ss_coupon_amt >= 0.0) AND store_sales.ss_customer_sk <= 234369.95948833437 AND (store_sales.ss_ext_list_price >= 1747.7619483663038 OR store_sales.ss_ext_tax <= 15.187222834829758 OR store_sales.ss_ext_list_price >= 154.7980276361452) AND store_sales.ss_item_sk <= 88438.20008091154 AND store_sales.ss_store_sk <= 65.60704675998011 AND (store_sales.ss_ext_sales_price >= 231.68292213492947 OR store_sales.ss_ext_sales_price <= 18151.237954129574 OR store_sales.ss_ext_sales_price >= 1075.6233370571665);
571,20.151978,9.711463,10.440515,1,1,1,1,"SELECT household_demographics.hd_buy_potential, COUNT(*) as agg_0, SUM(web_returns.wr_refunded_cash + catalog_returns.cr_returned_time_sk) as agg_1, COUNT(*) as agg_2 FROM household_demographics JOIN catalog_returns ON household_demographics.hd_demo_sk = catalog_returns.cr_refunded_hdemo_sk JOIN web_returns ON household_demographics.hd_demo_sk = web_returns.wr_refunded_hdemo_sk  WHERE household_demographics.hd_buy_potential IN ('Unknown', '0-500', '1001-5000', '5001-10000', '>10000') AND web_returns.wr_return_amt_inc_tax <= 80.18986986544485 AND (web_returns.wr_refunded_cdemo_sk >= 1332446.2010876115 OR web_returns.wr_reversed_charge <= 807.4455612374138 OR web_returns.wr_refunded_cdemo_sk >= 1184109.378194739) GROUP BY household_demographics.hd_buy_potential ORDER BY household_demographics.hd_buy_potential;"
580,19.769188,3.100434,16.668754,1,0,1,0,"SELECT date_dim.d_current_week, item.i_manufact, COUNT(*) as agg_0, COUNT(*) as agg_1 FROM web_site JOIN date_dim ON web_site.web_close_date_sk = date_dim.d_date_sk JOIN inventory ON date_dim.d_date_sk = inventory.inv_date_sk JOIN store_sales ON date_dim.d_date_sk = store_sales.ss_sold_date_sk JOIN item ON inventory.inv_item_sk = item.i_item_sk JOIN household_demographics ON store_sales.ss_hdemo_sk = household_demographics.hd_demo_sk JOIN catalog_returns ON item.i_item_sk = catalog_returns.cr_item_sk JOIN time_dim ON catalog_returns.cr_returned_time_sk = time_dim.t_time_sk JOIN promotion ON store_sales.ss_promo_sk = promotion.p_promo_sk JOIN customer_address ON catalog_returns.cr_returning_addr_sk = customer_address.ca_address_sk JOIN ship_mode ON catalog_returns.cr_ship_mode_sk = ship_mode.sm_ship_mode_sk  WHERE inventory.inv_warehouse_sk >= 1.0773580725393934 AND (promotion.p_channel_catalog != 'N' OR (promotion.p_channel_catalog = 'N' AND promotion.p_channel_catalog != 'N')) AND web_site.web_open_date_sk >= 2450598.41327213 AND promotion.p_channel_press IS NOT NULL AND household_demographics.hd_demo_sk <= 5152.477478883706 AND time_dim.t_time_sk <= 56352.24992659456 AND promotion.p_channel_event IS NOT NULL AND store_sales.ss_store_sk <= 90.26043395686901 AND ship_mode.sm_code NOT LIKE '%SURFAC%E%' AND customer_address.ca_zip != '31409' AND store_sales.ss_item_sk >= 8587.795959861736 GROUP BY date_dim.d_current_week, item.i_manufact ORDER BY date_dim.d_current_week, item.i_manufact;"
601,19.259654,0.434143,18.825512,1,1,1,1,"SELECT customer.c_last_name, COUNT(*) as agg_0 FROM web_sales JOIN household_demographics ON web_sales.ws_bill_hdemo_sk = household_demographics.hd_demo_sk JOIN customer ON web_sales.ws_ship_customer_sk = customer.c_customer_sk  WHERE customer.c_birth_country IN ('CAPE VERDE', 'CUBA', 'BERMUDA') AND customer.c_salutation = 'Dr.' AND (household_demographics.hd_income_band_sk >= 7.546455828489185 OR household_demographics.hd_income_band_sk >= 6.479728874637127 OR household_demographics.hd_income_band_sk >= 10.418726149583666) AND customer.c_preferred_cust_flag = 'Y' GROUP BY customer.c_last_name ORDER BY customer.c_last_name;"
625,31.992467,8.638247,23.354220,1,1,1,1,SELECT MIN(store_sales.ss_net_profit) as agg_0 FROM store_sales  WHERE store_sales.ss_ext_wholesale_cost <= 1831.1904924606756 AND store_sales.ss_ext_sales_price >= 276.33074819046885 AND store_sales.ss_promo_sk <= 284.2511188251695 AND (store_sales.ss_wholesale_cost <= 7.035987414539817 OR store_sales.ss_customer_sk <= 191934.92973634077 OR store_sales.ss_wholesale_cost <= 26.95574871296753) AND store_sales.ss_coupon_amt >= 0.0 AND store_sales.ss_ext_list_price >= 1479.5643309642937 AND store_sales.ss_ticket_number <= 2028442.5057621775 AND store_sales.ss_net_profit >= 1061.8126848176796 AND store_sales.ss_list_price <= 56.70930436068703 AND store_sales.ss_addr_sk >= 42695.66710424171 AND (store_sales.ss_net_paid >= 93.80851626818549 OR (store_sales.ss_hdemo_sk <= 6153.270560952936 AND store_sales.ss_net_paid >= 20.58293334286369)) AND (store_sales.ss_ext_tax <= 0.0 OR (store_sales.ss_sold_date_sk >= 2452484.6675721696 AND store_sales.ss_ext_tax >= 1122.7782345212472)) AND store_sales.ss_ext_discount_amt <= 2264.777986685237 AND store_sales.ss_cdemo_sk >= 749009.580247887 AND store_sales.ss_quantity <= 60.65600769562241 AND store_sales.ss_sold_time_sk >= 51315.261725548065;
630,14.962144,0.019481,14.942663,1,1,1,1,"SELECT time_dim.t_shift, AVG(catalog_sales.cs_net_paid_inc_ship_tax) as agg_0 FROM time_dim JOIN catalog_sales ON time_dim.t_time_sk = catalog_sales.cs_sold_time_sk  WHERE time_dim.t_meal_time LIKE '%di%nner%' AND time_dim.t_am_pm IN ('PM') AND (catalog_sales.cs_ship_mode_sk <= 5.780584235908723 OR catalog_sales.cs_ship_customer_sk >= 450774.1737830375) AND time_dim.t_time <= 41151.58409224372 AND time_dim.t_meal_time IN ('dinner', 'breakfast', 'lunch') AND time_dim.t_sub_shift LIKE '%morning%' AND (catalog_sales.cs_call_center_sk >= 10.494290880147206 OR catalog_sales.cs_call_center_sk <= 5.073348106972753 OR catalog_sales.cs_call_center_sk <= 17.810085545096616) AND catalog_sales.cs_net_paid_inc_ship_tax <= 1106.1162552745063 AND time_dim.t_shift NOT LIKE '%second%' GROUP BY time_dim.t_shift ORDER BY time_dim.t_shift;"
637,56.554560,0.906031,55.648529,1,1,1,1,"SELECT date_dim.d_day_name, date_dim.d_quarter_name, customer.c_salutation, SUM(date_dim.d_moy) as agg_0, SUM(web_sales.ws_ext_discount_amt) as agg_1 FROM web_returns JOIN customer_demographics ON web_returns.wr_returning_cdemo_sk = customer_demographics.cd_demo_sk JOIN customer_address ON web_returns.wr_returning_addr_sk = customer_address.ca_address_sk JOIN web_page ON web_returns.wr_web_page_sk = web_page.wp_web_page_sk JOIN customer ON web_returns.wr_refunded_customer_sk = customer.c_customer_sk JOIN catalog_sales ON customer_demographics.cd_demo_sk = catalog_sales.cs_ship_cdemo_sk JOIN web_sales ON customer.c_customer_sk = web_sales.ws_ship_customer_sk JOIN store_sales ON customer_demographics.cd_demo_sk = store_sales.ss_cdemo_sk JOIN date_dim ON store_sales.ss_sold_date_sk = date_dim.d_date_sk JOIN time_dim ON web_returns.wr_returned_time_sk = time_dim.t_time_sk  WHERE time_dim.t_sub_shift IN ('night', 'morning', 'afternoon') AND web_sales.ws_bill_addr_sk >= 37529.517122723024 AND time_dim.t_am_pm IN ('PM') AND date_dim.d_year >= 2013.9661031857427 AND customer_address.ca_country NOT LIKE '%Unite%d%' AND customer.c_salutation NOT LIKE '%Ms.%' AND customer_demographics.cd_credit_rating NOT LIKE '%Lo%w%' AND web_sales.ws_coupon_amt >= 0.0 AND customer.c_preferred_cust_flag = 'Y' AND customer.c_first_name IS NOT NULL AND date_dim.d_current_month = 'N' AND web_page.wp_rec_start_date != '2001-09-03' AND customer_demographics.cd_education_status = 'Primary' AND customer_address.ca_address_sk <= 100298.1600730441 AND web_returns.wr_net_loss <= 453.15870910935143 AND web_page.wp_customer_sk <= 29904.165626107097 AND catalog_sales.cs_ext_tax >= 79.92184311627167 GROUP BY date_dim.d_day_name, date_dim.d_quarter_name, customer.c_salutation HAVING SUM(web_sales.ws_ext_discount_amt) != 2550.1674153631134 ORDER BY date_dim.d_day_name, date_dim.d_quarter_name, customer.c_salutation;"
642,18.016765,1.564084,16.452681,1,1,1,1,"SELECT date_dim.d_current_day, SUM(promotion.p_item_sk) as agg_0, AVG(web_site.web_site_sk + promotion.p_start_date_sk) as agg_1, MAX(customer.c_current_addr_sk + item.i_item_sk) as agg_2 FROM catalog_returns JOIN reason ON catalog_returns.cr_reason_sk = reason.r_reason_sk JOIN store_returns ON reason.r_reason_sk = store_returns.sr_reason_sk JOIN item ON catalog_returns.cr_item_sk = item.i_item_sk JOIN date_dim ON store_returns.sr_returned_date_sk = date_dim.d_date_sk JOIN inventory ON date_dim.d_date_sk = inventory.inv_date_sk JOIN customer ON catalog_returns.cr_refunded_customer_sk = customer.c_customer_sk JOIN promotion ON date_dim.d_date_sk = promotion.p_start_date_sk JOIN web_site ON date_dim.d_date_sk = web_site.web_open_date_sk  WHERE web_site.web_name LIKE '%site_%4%' GROUP BY date_dim.d_current_day ORDER BY date_dim.d_current_day;"
644,41.785877,11.660930,30.124947,1,1,1,1,"SELECT customer_demographics.cd_credit_rating, household_demographics.hd_buy_potential, customer_demographics.cd_gender, AVG(store_returns.sr_return_amt_inc_tax) as agg_0, COUNT(*) as agg_1, MIN(web_sales.ws_net_paid_inc_ship_tax + web_sales.ws_order_number) as agg_2 FROM customer_demographics JOIN web_sales ON customer_demographics.cd_demo_sk = web_sales.ws_bill_cdemo_sk JOIN household_demographics ON web_sales.ws_bill_hdemo_sk = household_demographics.hd_demo_sk JOIN store_returns ON customer_demographics.cd_demo_sk = store_returns.sr_cdemo_sk  WHERE household_demographics.hd_buy_potential NOT LIKE '%>100%00%' AND household_demographics.hd_buy_potential NOT LIKE '%0-%500%' GROUP BY customer_demographics.cd_credit_rating, household_demographics.hd_buy_potential, customer_demographics.cd_gender ORDER BY customer_demographics.cd_credit_rating, household_demographics.hd_buy_potential, customer_demographics.cd_gender;"
652,30.021049,0.178463,29.842586,1,1,1,1,"SELECT date_dim.d_day_name, date_dim.d_quarter_name, call_center.cc_manager, MIN(catalog_sales.cs_ship_cdemo_sk) as agg_0, SUM(web_sales.ws_bill_cdemo_sk + web_sales.ws_ship_customer_sk) as agg_1, MIN(date_dim.d_dom + time_dim.t_second) as agg_2 FROM date_dim JOIN catalog_page ON date_dim.d_date_sk = catalog_page.cp_end_date_sk JOIN call_center ON date_dim.d_date_sk = call_center.cc_closed_date_sk JOIN catalog_sales ON catalog_page.cp_catalog_page_sk = catalog_sales.cs_catalog_page_sk JOIN household_demographics ON catalog_sales.cs_bill_hdemo_sk = household_demographics.hd_demo_sk JOIN time_dim ON catalog_sales.cs_sold_time_sk = time_dim.t_time_sk JOIN web_sales ON time_dim.t_time_sk = web_sales.ws_sold_time_sk JOIN customer ON catalog_sales.cs_ship_customer_sk = customer.c_customer_sk JOIN income_band ON household_demographics.hd_income_band_sk = income_band.ib_income_band_sk  WHERE household_demographics.hd_vehicle_count >= 0.0 AND catalog_page.cp_start_date_sk >= 2452303.672265331 AND date_dim.d_first_dom <= 2454173.2591950833 AND date_dim.d_current_day = 'N' AND (web_sales.ws_web_page_sk <= 179.61230152708535 OR web_sales.ws_bill_hdemo_sk <= 5131.740163038984) AND (household_demographics.hd_income_band_sk <= 7.552060682312237 OR (household_demographics.hd_income_band_sk >= 14.258449470837157 AND household_demographics.hd_income_band_sk >= 5.4867904226867035)) AND call_center.cc_rec_end_date != '2000-12-31' AND household_demographics.hd_buy_potential IN ('0-500', '5001-10000', '501-1000', 'Unknown', '>10000', '1001-5000') AND catalog_page.cp_department NOT LIKE '%DEPART%MENT%' AND time_dim.t_hour >= 6.757353761177745 AND web_sales.ws_bill_cdemo_sk >= 47017.5819430235 AND time_dim.t_time_sk >= 84354.74845335871 AND catalog_sales.cs_warehouse_sk >= 1.0 AND household_demographics.hd_buy_potential NOT LIKE '%Un%known%' AND catalog_page.cp_type LIKE '%quarterly%' AND (time_dim.t_minute <= 14.439044499977413 OR (time_dim.t_minute <= 33.91203758993131 AND time_dim.t_minute <= 31.01390187621505)) GROUP BY date_dim.d_day_name, date_dim.d_quarter_name, call_center.cc_manager HAVING SUM(web_sales.ws_bill_cdemo_sk + web_sales.ws_ship_customer_sk) <= 1211453.184633563 ORDER BY date_dim.d_day_name, date_dim.d_quarter_name, call_center.cc_manager;"
688,23.492814,4.944744,18.548070,1,1,1,1,"SELECT call_center.cc_state, SUM(catalog_sales.cs_list_price) as agg_0 FROM date_dim JOIN store_returns ON date_dim.d_date_sk = store_returns.sr_returned_date_sk JOIN time_dim ON store_returns.sr_return_time_sk = time_dim.t_time_sk JOIN customer_demographics ON store_returns.sr_cdemo_sk = customer_demographics.cd_demo_sk JOIN catalog_sales ON customer_demographics.cd_demo_sk = catalog_sales.cs_ship_cdemo_sk JOIN call_center ON catalog_sales.cs_call_center_sk = call_center.cc_call_center_sk JOIN catalog_returns ON customer_demographics.cd_demo_sk = catalog_returns.cr_refunded_cdemo_sk  WHERE time_dim.t_meal_time NOT LIKE '%breakfast%' AND customer_demographics.cd_demo_sk <= 249222.22265800304 AND (catalog_sales.cs_net_profit >= 5197.128928797786 OR catalog_sales.cs_bill_hdemo_sk <= 3046.2445826636263) AND (call_center.cc_class LIKE '%small%' OR call_center.cc_division_name IN ('able', 'cally', 'pri', 'ese', 'anti', 'ought') OR call_center.cc_class NOT LIKE '%small%') GROUP BY call_center.cc_state ORDER BY call_center.cc_state;"
719,11.551843,0.101408,11.450435,1,1,1,1,"SELECT customer_address.ca_street_number, customer_address.ca_city, customer_address.ca_country, MAX(catalog_sales.cs_order_number + household_demographics.hd_demo_sk) as agg_0, COUNT(*) as agg_1 FROM catalog_sales JOIN time_dim ON catalog_sales.cs_sold_time_sk = time_dim.t_time_sk JOIN customer_address ON catalog_sales.cs_bill_addr_sk = customer_address.ca_address_sk JOIN household_demographics ON catalog_sales.cs_ship_hdemo_sk = household_demographics.hd_demo_sk JOIN web_sales ON time_dim.t_time_sk = web_sales.ws_sold_time_sk JOIN customer_demographics ON catalog_sales.cs_ship_cdemo_sk = customer_demographics.cd_demo_sk  WHERE time_dim.t_sub_shift LIKE '%night%' AND (time_dim.t_time_sk <= 41099.18527027285 OR time_dim.t_time_sk <= 21978.938710713217) AND customer_address.ca_country LIKE '%United%' AND time_dim.t_am_pm != 'PM' AND household_demographics.hd_demo_sk <= 2381.5354360704996 AND customer_address.ca_city LIKE '%V%iew%' AND catalog_sales.cs_net_paid_inc_tax <= 182.1206745850822 AND customer_address.ca_street_type LIKE '%Circl%e%' AND time_dim.t_am_pm NOT LIKE '%AM%' AND web_sales.ws_list_price <= 249.1087767909891 AND (household_demographics.hd_buy_potential IN ('5001-10000', 'Unknown', '501-1000', '1001-5000') OR household_demographics.hd_dep_count >= 1.8083428251108862 OR household_demographics.hd_buy_potential NOT LIKE '%501-1%000%') AND household_demographics.hd_buy_potential LIKE '%501-%1000%' AND (customer_demographics.cd_marital_status != 'D' OR (customer_demographics.cd_dep_count <= 6.0 AND customer_demographics.cd_marital_status = 'S')) AND customer_demographics.cd_dep_college_count >= 0.24850921785800417 AND (time_dim.t_hour <= 0.7258697326853281 OR (time_dim.t_hour >= 22.887184040999184 AND time_dim.t_hour >= 7.36956355711148)) GROUP BY customer_address.ca_street_number, customer_address.ca_city, customer_address.ca_country ORDER BY customer_address.ca_street_number, customer_address.ca_city, customer_address.ca_country;"
731,19.543311,3.069916,16.473395,1,1,1,1,"SELECT call_center.cc_street_name, item.i_manufact, call_center.cc_mkt_class, AVG(catalog_returns.cr_warehouse_sk + catalog_sales.cs_ship_hdemo_sk) as agg_0, SUM(catalog_sales.cs_coupon_amt + catalog_sales.cs_ext_sales_price) as agg_1 FROM catalog_returns JOIN call_center ON catalog_returns.cr_call_center_sk = call_center.cc_call_center_sk JOIN customer_demographics ON catalog_returns.cr_refunded_cdemo_sk = customer_demographics.cd_demo_sk JOIN catalog_sales ON customer_demographics.cd_demo_sk = catalog_sales.cs_bill_cdemo_sk JOIN item ON catalog_returns.cr_item_sk = item.i_item_sk  WHERE call_center.cc_open_date_sk <= 2450807.624745763 AND customer_demographics.cd_credit_rating LIKE '%Hig%h%' AND customer_demographics.cd_demo_sk >= 784483.5370585937 AND catalog_returns.cr_return_amt_inc_tax >= 324.6576113315743 AND (catalog_sales.cs_quantity >= 2.0663899909326613 OR catalog_sales.cs_quantity >= 15.573447538909534 OR catalog_sales.cs_quantity >= 47.33913904361624) GROUP BY call_center.cc_street_name, item.i_manufact, call_center.cc_mkt_class ORDER BY call_center.cc_street_name, item.i_manufact, call_center.cc_mkt_class;"
732,12.592762,0.047948,12.544814,1,1,1,1,"SELECT date_dim.d_following_holiday, customer_demographics.cd_education_status, MIN(catalog_sales.cs_ext_tax) as agg_0, MIN(catalog_sales.cs_net_paid_inc_ship_tax + date_dim.d_fy_week_seq) as agg_1, COUNT(*) as agg_2 FROM catalog_sales JOIN customer_demographics ON catalog_sales.cs_ship_cdemo_sk = customer_demographics.cd_demo_sk JOIN date_dim ON catalog_sales.cs_ship_date_sk = date_dim.d_date_sk  WHERE customer_demographics.cd_dep_college_count >= 0.0 AND date_dim.d_qoy >= 4.0 AND catalog_sales.cs_catalog_page_sk <= 8046.681768930939 AND catalog_sales.cs_net_paid_inc_tax >= 4386.769104362715 AND (customer_demographics.cd_credit_rating IN ('Unknown', 'Good', 'Low Risk', 'High Risk') OR customer_demographics.cd_credit_rating NOT LIKE '%Hig%h%') AND date_dim.d_current_day != 'N' AND date_dim.d_fy_week_seq <= 4621.137146523062 AND date_dim.d_moy <= 11.48465124712778 AND customer_demographics.cd_credit_rating = 'Good' AND catalog_sales.cs_sold_date_sk >= 2452210.2324365336 AND catalog_sales.cs_ext_tax >= 7.557599882422858 AND customer_demographics.cd_dep_count >= 4.0 AND date_dim.d_day_name NOT LIKE '%Thursda%y%' AND catalog_sales.cs_ship_mode_sk <= 11.691679980259687 AND catalog_sales.cs_ext_ship_cost >= 8874.830119120583 AND date_dim.d_holiday != 'N' AND date_dim.d_month_seq <= 962.4471758167405 GROUP BY date_dim.d_following_holiday, customer_demographics.cd_education_status ORDER BY date_dim.d_following_holiday, customer_demographics.cd_education_status LIMIT 10;"
768,11.706424,1.140152,10.566272,1,1,1,1,"SELECT call_center.cc_market_manager, date_dim.d_current_year, call_center.cc_name, SUM(web_sales.ws_bill_customer_sk) as agg_0 FROM call_center JOIN date_dim ON call_center.cc_open_date_sk = date_dim.d_date_sk JOIN web_page ON date_dim.d_date_sk = web_page.wp_creation_date_sk JOIN web_sales ON web_page.wp_web_page_sk = web_sales.ws_web_page_sk JOIN catalog_returns ON date_dim.d_date_sk = catalog_returns.cr_returned_date_sk JOIN warehouse ON web_sales.ws_warehouse_sk = warehouse.w_warehouse_sk JOIN customer ON web_sales.ws_ship_customer_sk = customer.c_customer_sk JOIN household_demographics ON customer.c_current_hdemo_sk = household_demographics.hd_demo_sk JOIN store_returns ON date_dim.d_date_sk = store_returns.sr_returned_date_sk JOIN customer_address ON web_sales.ws_bill_addr_sk = customer_address.ca_address_sk  WHERE customer_address.ca_country != 'United States' AND customer_address.ca_suite_number LIKE '%270%' AND warehouse.w_street_name IN ('Elm Madison', '6th ', 'View First') GROUP BY call_center.cc_market_manager, date_dim.d_current_year, call_center.cc_name ORDER BY call_center.cc_market_manager, date_dim.d_current_year, call_center.cc_name;"
788,36.313269,3.639903,32.673367,1,1,1,1,"SELECT date_dim.d_following_holiday, store.s_market_desc, time_dim.t_am_pm, AVG(store_sales.ss_sold_date_sk + catalog_sales.cs_ext_ship_cost) as agg_0, MAX(store_sales.ss_net_paid + catalog_sales.cs_ship_hdemo_sk) as agg_1 FROM promotion JOIN store_sales ON promotion.p_promo_sk = store_sales.ss_promo_sk JOIN date_dim ON store_sales.ss_sold_date_sk = date_dim.d_date_sk JOIN catalog_page ON date_dim.d_date_sk = catalog_page.cp_end_date_sk JOIN web_page ON date_dim.d_date_sk = web_page.wp_access_date_sk JOIN customer_demographics ON store_sales.ss_cdemo_sk = customer_demographics.cd_demo_sk JOIN catalog_sales ON promotion.p_promo_sk = catalog_sales.cs_promo_sk JOIN store ON date_dim.d_date_sk = store.s_closed_date_sk JOIN web_sales ON date_dim.d_date_sk = web_sales.ws_ship_date_sk JOIN time_dim ON web_sales.ws_sold_time_sk = time_dim.t_time_sk JOIN ship_mode ON web_sales.ws_ship_mode_sk = ship_mode.sm_ship_mode_sk  WHERE promotion.p_channel_radio != 'N' AND store.s_rec_end_date NOT LIKE '%1999-03%-13%' AND (catalog_page.cp_catalog_page_number >= 55.79051565125775 OR (catalog_page.cp_description NOT LIKE '%poli%ce%' AND catalog_page.cp_catalog_page_number >= 38.09092827669551)) AND customer_demographics.cd_gender != 'M' AND (ship_mode.sm_code != 'SEA' OR ship_mode.sm_ship_mode_sk >= 9.184592159675448) AND (customer_demographics.cd_education_status NOT LIKE '%Unkn%own%' OR customer_demographics.cd_marital_status != 'U') AND web_page.wp_type != 'protected' AND customer_demographics.cd_credit_rating LIKE '%Low%' AND customer_demographics.cd_dep_employed_count >= 1.0742895746430303 AND time_dim.t_time >= 85005.338604708 AND store_sales.ss_cdemo_sk <= 274313.66474061244 AND ship_mode.sm_ship_mode_id != 'AAAAAAAAJAAAAAAA' GROUP BY date_dim.d_following_holiday, store.s_market_desc, time_dim.t_am_pm HAVING MAX(store_sales.ss_net_paid + catalog_sales.cs_ship_hdemo_sk) != 5322.7883065847545 ORDER BY date_dim.d_following_holiday, store.s_market_desc, time_dim.t_am_pm;"
793,52.042193,0.430892,51.611301,1,1,1,1,"SELECT customer.c_last_name, SUM(customer.c_last_review_date_sk + web_returns.wr_refunded_addr_sk) as agg_0, AVG(catalog_sales.cs_warehouse_sk) as agg_1 FROM income_band JOIN household_demographics ON income_band.ib_income_band_sk = household_demographics.hd_income_band_sk JOIN web_returns ON household_demographics.hd_demo_sk = web_returns.wr_returning_hdemo_sk JOIN catalog_returns ON household_demographics.hd_demo_sk = catalog_returns.cr_refunded_hdemo_sk JOIN web_page ON web_returns.wr_web_page_sk = web_page.wp_web_page_sk JOIN item ON web_returns.wr_item_sk = item.i_item_sk JOIN customer ON web_returns.wr_refunded_customer_sk = customer.c_customer_sk JOIN ship_mode ON catalog_returns.cr_ship_mode_sk = ship_mode.sm_ship_mode_sk JOIN catalog_sales ON customer.c_customer_sk = catalog_sales.cs_ship_customer_sk JOIN customer_demographics ON catalog_returns.cr_returning_cdemo_sk = customer_demographics.cd_demo_sk  WHERE item.i_manager_id >= 84.22530973509156 AND web_page.wp_web_page_id != 'AAAAAAAAIFAAAAAA' AND catalog_returns.cr_returning_hdemo_sk >= 3867.526867577201 AND item.i_rec_start_date NOT LIKE '%19%97-10-27%' AND customer.c_current_addr_sk <= 79867.10251008986 AND customer_demographics.cd_dep_employed_count <= 0.7751177153945101 AND customer.c_first_name IN ('Anisha', 'Altagracia', 'Genevieve', 'Dick') AND customer_demographics.cd_credit_rating LIKE '%Goo%d%' AND ship_mode.sm_type != 'EXPRESS' AND ship_mode.sm_type LIKE '%REGULA%R%' AND customer_demographics.cd_marital_status IN ('S', 'M') GROUP BY customer.c_last_name ORDER BY customer.c_last_name;"
803,16.464732,0.708943,15.755789,1,1,1,1,"SELECT MIN(catalog_sales.cs_item_sk) as agg_0, MIN(catalog_sales.cs_bill_addr_sk) as agg_1, MAX(catalog_returns.cr_refunded_hdemo_sk + catalog_returns.cr_return_quantity) as agg_2 FROM web_returns JOIN customer ON web_returns.wr_refunded_customer_sk = customer.c_customer_sk JOIN catalog_returns ON customer.c_customer_sk = catalog_returns.cr_refunded_customer_sk JOIN store_returns ON customer.c_customer_sk = store_returns.sr_customer_sk JOIN customer_address ON customer.c_current_addr_sk = customer_address.ca_address_sk JOIN date_dim ON store_returns.sr_returned_date_sk = date_dim.d_date_sk JOIN catalog_sales ON customer_address.ca_address_sk = catalog_sales.cs_ship_addr_sk  WHERE date_dim.d_first_dom <= 2445764.806981731 AND customer_address.ca_city LIKE '%Mount%' AND store_returns.sr_ticket_number <= 136105.00746459534 AND customer_address.ca_location_type != 'apartment' AND catalog_sales.cs_ship_hdemo_sk <= 1041.8172186970571 AND catalog_sales.cs_coupon_amt >= 0.0;"
835,52.861642,4.021163,48.840479,1,1,1,1,"SELECT item.i_color, item.i_category, AVG(item.i_manufact_id) as agg_0, MIN(store_sales.ss_net_profit + store_returns.sr_fee) as agg_1 FROM customer_demographics JOIN store_sales ON customer_demographics.cd_demo_sk = store_sales.ss_cdemo_sk JOIN catalog_sales ON customer_demographics.cd_demo_sk = catalog_sales.cs_ship_cdemo_sk JOIN store_returns ON customer_demographics.cd_demo_sk = store_returns.sr_cdemo_sk JOIN item ON store_returns.sr_item_sk = item.i_item_sk JOIN customer ON catalog_sales.cs_ship_customer_sk = customer.c_customer_sk JOIN customer_address ON catalog_sales.cs_bill_addr_sk = customer_address.ca_address_sk JOIN web_sales ON customer_demographics.cd_demo_sk = web_sales.ws_ship_cdemo_sk  WHERE customer.c_salutation LIKE '%M%iss%' AND customer.c_first_sales_date_sk <= 2451965.3338537905 AND store_returns.sr_fee <= 16.3377307104251 AND customer_address.ca_gmt_offset >= -6.0 AND customer.c_current_addr_sk <= 64334.119798541666 AND web_sales.ws_ship_hdemo_sk <= 4133.415060315986 AND customer_demographics.cd_dep_employed_count <= 2.0 AND store_returns.sr_reversed_charge >= 178.00768757408048 AND web_sales.ws_bill_addr_sk <= 149548.1117505559 AND web_sales.ws_bill_hdemo_sk >= 5798.150731619061 AND item.i_units LIKE '%P%allet%' AND customer.c_birth_year >= 1928.6188591598648 AND store_sales.ss_sold_time_sk >= 57716.394723041834 AND (store_sales.ss_ticket_number <= 1701164.3428297648 OR store_sales.ss_ext_list_price >= 1651.0636190521038) GROUP BY item.i_color, item.i_category ORDER BY item.i_color, item.i_category;"
838,29.620675,0.142529,29.478147,1,1,1,1,"SELECT date_dim.d_current_month, date_dim.d_current_week, AVG(catalog_returns.cr_call_center_sk) as agg_0, AVG(catalog_returns.cr_returned_time_sk) as agg_1, AVG(promotion.p_cost) as agg_2 FROM item JOIN inventory ON item.i_item_sk = inventory.inv_item_sk JOIN promotion ON item.i_item_sk = promotion.p_item_sk JOIN web_sales ON promotion.p_promo_sk = web_sales.ws_promo_sk JOIN customer_demographics ON web_sales.ws_ship_cdemo_sk = customer_demographics.cd_demo_sk JOIN catalog_returns ON customer_demographics.cd_demo_sk = catalog_returns.cr_refunded_cdemo_sk JOIN customer ON web_sales.ws_bill_customer_sk = customer.c_customer_sk JOIN catalog_sales ON customer.c_customer_sk = catalog_sales.cs_ship_customer_sk JOIN date_dim ON promotion.p_end_date_sk = date_dim.d_date_sk JOIN catalog_page ON catalog_returns.cr_catalog_page_sk = catalog_page.cp_catalog_page_sk  WHERE web_sales.ws_sold_date_sk >= 2450912.8678058223 AND customer_demographics.cd_demo_sk >= 1771276.6601685311 AND customer.c_preferred_cust_flag IS NULL AND inventory.inv_warehouse_sk >= 5.700125407589639 AND (web_sales.ws_bill_hdemo_sk >= 4585.195447542972 OR web_sales.ws_ext_wholesale_cost >= 3266.7427407665937) GROUP BY date_dim.d_current_month, date_dim.d_current_week ORDER BY date_dim.d_current_month, date_dim.d_current_week;"
854,21.198653,0.437632,20.761020,1,1,1,1,"SELECT MIN(catalog_returns.cr_fee + store_returns.sr_net_loss) as agg_0, SUM(ship_mode.sm_ship_mode_sk + catalog_returns.cr_return_amt_inc_tax) as agg_1, COUNT(*) as agg_2 FROM customer JOIN catalog_returns ON customer.c_customer_sk = catalog_returns.cr_refunded_customer_sk JOIN customer_demographics ON catalog_returns.cr_refunded_cdemo_sk = customer_demographics.cd_demo_sk JOIN time_dim ON catalog_returns.cr_returned_time_sk = time_dim.t_time_sk JOIN web_returns ON time_dim.t_time_sk = web_returns.wr_returned_time_sk JOIN ship_mode ON catalog_returns.cr_ship_mode_sk = ship_mode.sm_ship_mode_sk JOIN store_returns ON customer_demographics.cd_demo_sk = store_returns.sr_cdemo_sk JOIN web_sales ON customer.c_customer_sk = web_sales.ws_bill_customer_sk JOIN store ON store_returns.sr_store_sk = store.s_store_sk JOIN date_dim ON web_sales.ws_sold_date_sk = date_dim.d_date_sk JOIN item ON web_sales.ws_item_sk = item.i_item_sk  WHERE (customer_demographics.cd_gender != 'F' OR customer_demographics.cd_education_status NOT LIKE '%Advanced%' OR customer_demographics.cd_gender = 'M') AND time_dim.t_am_pm = 'PM' AND date_dim.d_year >= 2039.124957039407 AND ship_mode.sm_type NOT LIKE '%REGULA%R%' AND customer_demographics.cd_gender != 'F' AND customer.c_first_shipto_date_sk >= 2450329.422659447 AND store.s_market_manager != 'Richard Greene' AND store.s_state LIKE '%SD%' AND ship_mode.sm_code NOT LIKE '%SEA%' AND date_dim.d_current_day != 'N' AND customer_demographics.cd_marital_status IN ('U', 'S', 'D', 'M');"
870,19.068157,4.269195,14.798962,1,1,1,1,"SELECT household_demographics.hd_buy_potential, COUNT(*) as agg_0, MAX(catalog_sales.cs_ship_date_sk) as agg_1, COUNT(*) as agg_2 FROM catalog_sales JOIN household_demographics ON catalog_sales.cs_bill_hdemo_sk = household_demographics.hd_demo_sk  WHERE household_demographics.hd_buy_potential IN ('0-500') AND catalog_sales.cs_net_paid_inc_ship >= 281.2521631035775 AND (household_demographics.hd_demo_sk >= 4705.06656690158 OR household_demographics.hd_demo_sk >= 6211.761084349717) AND household_demographics.hd_income_band_sk <= 3.2712757878374776 AND household_demographics.hd_dep_count >= 1.5091604125010512 AND household_demographics.hd_buy_potential != '>10000' AND (catalog_sales.cs_ext_sales_price <= 270.2532994281288 OR (catalog_sales.cs_ext_sales_price >= 388.70245516877225 AND catalog_sales.cs_ext_sales_price <= 61.54176344372403)) AND catalog_sales.cs_ship_date_sk <= 2450913.3773107985 AND (catalog_sales.cs_sold_date_sk <= 2450944.014521916 OR catalog_sales.cs_bill_addr_sk <= 16581.17147732603) AND catalog_sales.cs_quantity <= 97.24265590117294 AND catalog_sales.cs_bill_hdemo_sk >= 3835.200902558275 AND (catalog_sales.cs_bill_customer_sk <= 116935.10719240342 OR (catalog_sales.cs_warehouse_sk <= 8.135220574720574 AND catalog_sales.cs_bill_customer_sk <= 292833.0148250785)) AND catalog_sales.cs_net_profit >= 1830.46257875341 GROUP BY household_demographics.hd_buy_potential HAVING COUNT(*) <= 0 ORDER BY household_demographics.hd_buy_potential;"
